{
  "config": {
    "chunk_size": 1000,
    "edge_fanout": 2,
    "graph_methods": [
      "import_api",
      "public_cypher_query",
      "internal_sqlite"
    ],
    "node_rows": 10000,
    "repetitions": 1,
    "table_methods": [
      "import_table",
      "public_executemany",
      "internal_sqlite"
    ],
    "table_rows": 10000,
    "warmup": 0
  },
  "edge_rows": 20000,
  "freshness_timings_ms": {
    "edge_count_query": {
      "import_api": {
        "maximum_ms": 22.037008311599493,
        "mean_ms": 22.037008311599493,
        "minimum_ms": 22.037008311599493,
        "stdev_ms": 0.0
      },
      "internal_sqlite": {
        "maximum_ms": 15.703772194683552,
        "mean_ms": 15.703772194683552,
        "minimum_ms": 15.703772194683552,
        "stdev_ms": 0.0
      },
      "public_cypher_query": {
        "maximum_ms": 16.928124707192183,
        "mean_ms": 16.928124707192183,
        "minimum_ms": 16.928124707192183,
        "stdev_ms": 0.0
      }
    },
    "node_count_query": {
      "import_api": {
        "maximum_ms": 49.8273316770792,
        "mean_ms": 49.8273316770792,
        "minimum_ms": 49.8273316770792,
        "stdev_ms": 0.0
      },
      "internal_sqlite": {
        "maximum_ms": 5.014962982386351,
        "mean_ms": 5.014962982386351,
        "minimum_ms": 5.014962982386351,
        "stdev_ms": 0.0
      },
      "public_cypher_query": {
        "maximum_ms": 5.599745083600283,
        "mean_ms": 5.599745083600283,
        "minimum_ms": 5.599745083600283,
        "stdev_ms": 0.0
      }
    },
    "table_count_query": {
      "import_table": {
        "maximum_ms": 0.43969089165329933,
        "mean_ms": 0.43969089165329933,
        "minimum_ms": 0.43969089165329933,
        "stdev_ms": 0.0
      },
      "internal_sqlite": {
        "maximum_ms": 0.14426978304982185,
        "mean_ms": 0.14426978304982185,
        "minimum_ms": 0.14426978304982185,
        "stdev_ms": 0.0
      },
      "public_executemany": {
        "maximum_ms": 0.1479010097682476,
        "mean_ms": 0.1479010097682476,
        "minimum_ms": 0.1479010097682476,
        "stdev_ms": 0.0
      }
    }
  },
  "imported_counts": {
    "edge_rows": 20000,
    "node_rows": 10000,
    "table_rows": 10000
  },
  "stage_timings_ms": {
    "edge_ingest": {
      "import_api": {
        "maximum_ms": 291.58383421599865,
        "mean_ms": 291.58383421599865,
        "minimum_ms": 291.58383421599865,
        "stdev_ms": 0.0
      },
      "internal_sqlite": {
        "maximum_ms": 268.13443191349506,
        "mean_ms": 268.13443191349506,
        "minimum_ms": 268.13443191349506,
        "stdev_ms": 0.0
      },
      "public_cypher_query": {
        "maximum_ms": 1599.4666568003595,
        "mean_ms": 1599.4666568003595,
        "minimum_ms": 1599.4666568003595,
        "stdev_ms": 0.0
      }
    },
    "node_ingest": {
      "import_api": {
        "maximum_ms": 461.80102694779634,
        "mean_ms": 461.80102694779634,
        "minimum_ms": 461.80102694779634,
        "stdev_ms": 0.0
      },
      "internal_sqlite": {
        "maximum_ms": 467.02385088428855,
        "mean_ms": 467.02385088428855,
        "minimum_ms": 467.02385088428855,
        "stdev_ms": 0.0
      },
      "public_cypher_query": {
        "maximum_ms": 388.39532108977437,
        "mean_ms": 388.39532108977437,
        "minimum_ms": 388.39532108977437,
        "stdev_ms": 0.0
      }
    },
    "table_ingest": {
      "import_table": {
        "maximum_ms": 62.71809618920088,
        "mean_ms": 62.71809618920088,
        "minimum_ms": 62.71809618920088,
        "stdev_ms": 0.0
      },
      "internal_sqlite": {
        "maximum_ms": 44.35517778620124,
        "mean_ms": 44.35517778620124,
        "minimum_ms": 44.35517778620124,
        "stdev_ms": 0.0
      },
      "public_executemany": {
        "maximum_ms": 63.14183725044131,
        "mean_ms": 63.14183725044131,
        "minimum_ms": 63.14183725044131,
        "stdev_ms": 0.0
      }
    }
  }
}
