{
  "config": {
    "chunk_size": 2000,
    "edge_fanout": 2,
    "graph_methods": [
      "public_cypher_query"
    ],
    "node_rows": 100000,
    "repetitions": 1,
    "table_methods": [
      "internal_sqlite"
    ],
    "table_rows": 100000,
    "warmup": 0
  },
  "edge_rows": 200000,
  "freshness_timings_ms": {
    "edge_count_query": {
      "public_cypher_query": {
        "maximum_ms": 182.6583151705563,
        "mean_ms": 182.6583151705563,
        "minimum_ms": 182.6583151705563,
        "stdev_ms": 0.0
      }
    },
    "node_count_query": {
      "public_cypher_query": {
        "maximum_ms": 63.64747928455472,
        "mean_ms": 63.64747928455472,
        "minimum_ms": 63.64747928455472,
        "stdev_ms": 0.0
      }
    },
    "table_count_query": {
      "internal_sqlite": {
        "maximum_ms": 1.3981829397380352,
        "mean_ms": 1.3981829397380352,
        "minimum_ms": 1.3981829397380352,
        "stdev_ms": 0.0
      }
    }
  },
  "imported_counts": {
    "edge_rows": 200000,
    "node_rows": 100000,
    "table_rows": 100000
  },
  "stage_timings_ms": {
    "edge_ingest": {
      "public_cypher_query": {
        "maximum_ms": 15861.400688998401,
        "mean_ms": 15861.400688998401,
        "minimum_ms": 15861.400688998401,
        "stdev_ms": 0.0
      }
    },
    "node_ingest": {
      "public_cypher_query": {
        "maximum_ms": 3671.8828808516264,
        "mean_ms": 3671.8828808516264,
        "minimum_ms": 3671.8828808516264,
        "stdev_ms": 0.0
      }
    },
    "table_ingest": {
      "internal_sqlite": {
        "maximum_ms": 242.51684406772256,
        "mean_ms": 242.51684406772256,
        "minimum_ms": 242.51684406772256,
        "stdev_ms": 0.0
      }
    }
  }
}
