{
  "config": {
    "chunk_size": 2000,
    "edge_fanout": 2,
    "graph_methods": [
      "import_api",
      "public_cypher_query",
      "internal_sqlite"
    ],
    "node_rows": 100000,
    "repetitions": 1,
    "table_methods": [
      "import_table",
      "public_executemany",
      "internal_sqlite"
    ],
    "table_rows": 100000,
    "warmup": 0
  },
  "edge_rows": 200000,
  "freshness_timings_ms": {
    "edge_count_query": {
      "import_api": {
        "maximum_ms": 195.0988550670445,
        "mean_ms": 195.0988550670445,
        "minimum_ms": 195.0988550670445,
        "stdev_ms": 0.0
      },
      "internal_sqlite": {
        "maximum_ms": 182.72251915186644,
        "mean_ms": 182.72251915186644,
        "minimum_ms": 182.72251915186644,
        "stdev_ms": 0.0
      },
      "public_cypher_query": {
        "maximum_ms": 189.7879601456225,
        "mean_ms": 189.7879601456225,
        "minimum_ms": 189.7879601456225,
        "stdev_ms": 0.0
      }
    },
    "node_count_query": {
      "import_api": {
        "maximum_ms": 84.25663784146309,
        "mean_ms": 84.25663784146309,
        "minimum_ms": 84.25663784146309,
        "stdev_ms": 0.0
      },
      "internal_sqlite": {
        "maximum_ms": 39.07573502510786,
        "mean_ms": 39.07573502510786,
        "minimum_ms": 39.07573502510786,
        "stdev_ms": 0.0
      },
      "public_cypher_query": {
        "maximum_ms": 40.73425987735391,
        "mean_ms": 40.73425987735391,
        "minimum_ms": 40.73425987735391,
        "stdev_ms": 0.0
      }
    },
    "table_count_query": {
      "import_table": {
        "maximum_ms": 1.777574885636568,
        "mean_ms": 1.777574885636568,
        "minimum_ms": 1.777574885636568,
        "stdev_ms": 0.0
      },
      "internal_sqlite": {
        "maximum_ms": 0.7358319126069546,
        "mean_ms": 0.7358319126069546,
        "minimum_ms": 0.7358319126069546,
        "stdev_ms": 0.0
      },
      "public_executemany": {
        "maximum_ms": 0.9532528929412365,
        "mean_ms": 0.9532528929412365,
        "minimum_ms": 0.9532528929412365,
        "stdev_ms": 0.0
      }
    }
  },
  "imported_counts": {
    "edge_rows": 200000,
    "node_rows": 100000,
    "table_rows": 100000
  },
  "stage_timings_ms": {
    "edge_ingest": {
      "import_api": {
        "maximum_ms": 2401.7611648887396,
        "mean_ms": 2401.7611648887396,
        "minimum_ms": 2401.7611648887396,
        "stdev_ms": 0.0
      },
      "internal_sqlite": {
        "maximum_ms": 2233.3398782648146,
        "mean_ms": 2233.3398782648146,
        "minimum_ms": 2233.3398782648146,
        "stdev_ms": 0.0
      },
      "public_cypher_query": {
        "maximum_ms": 15482.01193800196,
        "mean_ms": 15482.01193800196,
        "minimum_ms": 15482.01193800196,
        "stdev_ms": 0.0
      }
    },
    "node_ingest": {
      "import_api": {
        "maximum_ms": 1642.1901541762054,
        "mean_ms": 1642.1901541762054,
        "minimum_ms": 1642.1901541762054,
        "stdev_ms": 0.0
      },
      "internal_sqlite": {
        "maximum_ms": 1740.4661937616765,
        "mean_ms": 1740.4661937616765,
        "minimum_ms": 1740.4661937616765,
        "stdev_ms": 0.0
      },
      "public_cypher_query": {
        "maximum_ms": 3508.840890135616,
        "mean_ms": 3508.840890135616,
        "minimum_ms": 3508.840890135616,
        "stdev_ms": 0.0
      }
    },
    "table_ingest": {
      "import_table": {
        "maximum_ms": 259.90704726427794,
        "mean_ms": 259.90704726427794,
        "minimum_ms": 259.90704726427794,
        "stdev_ms": 0.0
      },
      "internal_sqlite": {
        "maximum_ms": 218.0088832974434,
        "mean_ms": 218.0088832974434,
        "minimum_ms": 218.0088832974434,
        "stdev_ms": 0.0
      },
      "public_executemany": {
        "maximum_ms": 296.6383551247418,
        "mean_ms": 296.6383551247418,
        "minimum_ms": 296.6383551247418,
        "stdev_ms": 0.0
      }
    }
  }
}
